team,team_label,player_key,player_label,player,shirt,position,role,minutes_played,goals,assists,expected_goals_xg,expected_goals_on_target_xgot,expected_assists_xa,xg_xa,total_shots,accurate_passes,chances_created,shots_on_target,shots_off_target,blocked_shots,shot_accuracy,shotmap,defensive_actions,touches,touches_in_opposition_box,successful_dribbles,passes_into_final_third,accurate_crosses,accurate_long_balls,corners,dispossessed,xg_non_penalty,tackles,blocks,clearances,headed_clearance,interceptions,recoveries,dribbled_past,ground_duels_won,aerial_duels_won,was_fouled,fouls_committed,duels_won,duels_lost,big_chances_created,big_chances_missed,offsides,saves,goals_conceded,xgot_faced,goals_prevented,diving_save,saves_inside_box,acted_as_sweeper,punches,throws,high_claim,last_man_tackle,weighted_rating,appearances,xgi,duel_win_rate,retention_risk,pass_security_proxy,shot_quality,goals90,assists90,expected_goals_xg90,expected_goals_on_target_xgot90,expected_assists_xa90,xg_xa90,total_shots90,accurate_passes90,chances_created90,shots_on_target90,touches90,touches_in_opposition_box90,successful_dribbles90,passes_into_final_third90,accurate_crosses90,accurate_long_balls90,dispossessed90,defensive_actions90,tackles90,blocks90,clearances90,interceptions90,recoveries90,dribbled_past90,ground_duels_won90,aerial_duels_won90,fouls_committed90,duels_won90,duels_lost90,big_chances_created90,big_chances_missed90,saves90,goals_conceded90,xgot_faced90,goals_prevented90,xgi90,centroid_x,centroid_y,active_area,left_lane_share,center_lane_share,right_lane_share,low_third_share,mid_third_share,high_third_share,high_intensity_share,length_spread,width_spread,heat_intensity,primary_lane,primary_third,attack_index,creation_index,defense_index,security_index,progression_index,goalkeeper_index,rating_index,overall_index
brasil,Brasil,lucas_paqueta_20,Lucas Paquetá (20),Lucas Paquetá,20,2,Meio,191.0,0.0,1.0,0.25,0.54,0.85,1.1,3.0,124.0,7.0,1.0,1.0,1.0,1.0,2.0,16.0,188.0,1.0,3.0,28.0,0.0,4.0,1.0,3.0,0.25,6.0,1.0,4.0,2.0,5.0,18.0,3.0,14.0,2.0,5.0,3.0,16.0,14.0,3.0,0.0,0.0,0.0,0.0,0.0,0.0,0.0,0.0,0.0,0.0,0.0,0.0,0.0,7.707434554973822,3,1.1,0.5333333333333333,0.09042553191489362,0.6595744680851063,0.08333333333333333,0.0,0.47120418848167545,0.11780104712041886,0.25445026178010477,0.4005235602094241,0.518324607329843,1.413612565445026,58.42931937172775,3.2984293193717273,0.47120418848167545,88.58638743455498,0.47120418848167545,1.413612565445026,13.19371727748691,0.0,1.8848167539267018,1.413612565445026,7.539267015706807,2.827225130890052,0.47120418848167545,1.8848167539267018,2.356020942408377,8.481675392670157,1.413612565445026,6.596858638743455,0.9424083769633509,1.413612565445026,7.539267015706807,6.596858638743455,1.413612565445026,0.0,0.0,0.0,0.0,0.0,0.518324607329843,0.49206493448808103,0.3621883464629438,0.49721564227785353,0.5250184028872644,0.3375738260009526,0.1374077288658207,0.21186886361132118,0.588578170506742,0.1995529553497025,0.34759673148549664,0.19066828558623036,0.22801964237907038,25.15161699444176,left,mid,63.893939393939384,86.51515151515153,74.85748574857486,40.303030303030305,81.51515151515153,58.727272727272734,78.78787878787878,64.64006425553588
brasil,Brasil,vinicius_junior_7,Vinícius Júnior (7),Vinícius Júnior,7,3,Ataque,261.0,4.0,1.0,3.5100000000000002,4.05,0.8300000000000001,4.34,12.0,67.0,5.0,8.0,2.0,2.0,8.0,3.0,2.0,143.0,27.0,7.0,7.0,0.0,5.0,0.0,2.0,3.5100000000000002,2.0,0.0,0.0,0.0,0.0,6.0,0.0,15.0,0.0,6.0,4.0,15.0,22.0,1.0,2.0,3.0,0.0,0.0,0.0,0.0,0.0,0.0,0.0,0.0,0.0,0.0,0.0,8.364137931034483,3,4.34,0.40540540540540543,0.16783216783216784,0.46853146853146854,0.29250000000000004,1.379310344827586,0.3448275862068965,1.210344827586207,1.396551724137931,0.28620689655172415,1.4965517241379311,4.137931034482759,23.103448275862068,1.7241379310344827,2.758620689655172,49.310344827586206,9.310344827586206,2.413793103448276,2.413793103448276,0.0,1.7241379310344827,0.689655172413793,0.689655172413793,0.689655172413793,0.0,0.0,0.0,2.0689655172413794,0.0,5.172413793103448,0.0,1.379310344827586,5.172413793103448,7.586206896551724,0.3448275862068965,0.689655172413793,0.0,0.0,0.0,0.0,1.4965517241379311,0.6843961893189447,0.25744192573608327,0.37004438327054956,0.7076447934939943,0.2581859575263385,0.03416922014078189,0.06343037018488193,0.36909058176237963,0.5674791068866335,0.3429351664822677,0.20944647444997871,0.17188596778973345,20.08674963778615,left,high,92.3939393939394,62.63636363636364,28.067806780678072,23.36363636363636,43.93939393939394,60.72727272727274,100.0,64.59133236400565
brasil,Brasil,alisson_becker_1,Alisson Becker (1),Alisson Becker,1,0,Goleiro,270.0,0.0,0.0,0.0,0.0,0.0,0.0,0.0,61.0,0.0,0.0,0.0,0.0,0.0,3.0,3.0,103.0,0.0,1.0,9.0,0.0,6.0,0.0,0.0,0.0,0.0,0.0,3.0,0.0,0.0,17.0,0.0,1.0,0.0,0.0,0.0,1.0,0.0,0.0,0.0,0.0,10.0,1.0,2.4,1.4,7.0,8.0,0.0,3.0,12.0,0.0,0.0,7.723333333333334,3,0.0,1.0,0.0,0.5922330097087378,0.0,0.0,0.0,0.0,0.0,0.0,0.0,0.0,20.333333333333332,0.0,0.0,34.333333333333336,0.0,0.33333333333333337,3.0,0.0,2.0,0.0,1.0,0.0,0.0,1.0,0.0,5.666666666666666,0.0,0.33333333333333337,0.0,0.0,0.33333333333333337,0.0,0.0,0.0,3.333333333333333,0.33333333333333337,0.8,0.4666666666666667,0.0,0.15225815071144566,0.5247402647500771,0.14251353874883288,0.08182717238863309,0.7723849614461263,0.14578799034158388,0.9748298525810242,0.025170199922285974,0.0,0.357005516688029,0.09193011443377469,0.12892940280886908,7.2369272875817,center,low,29.530303030303035,28.045454545454543,37.29372937293731,82.6969696969697,29.151515151515156,72.60606060606062,81.81818181818183,64.44500000000001
brasil,Brasil,matheus_cunha_9,Matheus Cunha (9),Matheus Cunha,9,3,Ataque,169.0,3.0,0.0,1.22,2.2399999999999998,0.04,1.2599999999999998,7.0,54.0,1.0,4.0,2.0,1.0,4.0,2.0,10.0,98.0,9.0,2.0,12.0,0.0,1.0,2.0,1.0,1.22,5.0,0.0,3.0,3.0,2.0,6.0,1.0,9.0,3.0,2.0,0.0,12.0,5.0,0.0,0.0,1.0,0.0,0.0,0.0,0.0,0.0,0.0,0.0,0.0,0.0,0.0,0.0,8.277041420118342,3,1.26,0.7058823529411765,0.061224489795918366,0.5510204081632653,0.1742857142857143,1.5976331360946745,0.0,0.6497041420118344,1.1928994082840236,0.021301775147928994,0.6710059171597632,3.7278106508875744,28.757396449704142,0.5325443786982248,2.130177514792899,52.18934911242603,4.792899408284024,1.0650887573964496,6.390532544378698,0.0,0.5325443786982248,0.5325443786982248,5.325443786982248,2.662721893491124,0.0,1.5976331360946745,1.0650887573964496,3.195266272189349,0.5325443786982248,4.792899408284024,1.5976331360946745,0.0,6.390532544378698,2.662721893491124,0.0,0.0,0.0,0.0,0.0,0.0,0.6710059171597633,0.5689242193032144,0.489756961045138,0.4339792733661512,0.33425497867651943,0.3580233109508746,0.30772168131975025,0.10891532827411178,0.5608154413615458,0.3302692647516375,0.3483457189692548,0.22112271104175502,0.25937822320742043,19.108564620522767,center,mid,85.75757575757576,44.42424242424242,64.1914191419142,56.27272727272726,55.84848484848485,61.6969696969697,96.96969696969697,64.14412264392462
brasil,Brasil,gabriel_3,Gabriel (3),Gabriel,3,1,Defesa,270.0,0.0,0.0,0.07,0.0,0.04,0.11,1.0,252.0,0.0,0.0,0.0,1.0,0.0,1.0,19.0,296.0,3.0,0.0,21.0,0.0,1.0,0.0,0.0,0.07,3.0,2.0,13.0,9.0,1.0,11.0,0.0,5.0,11.0,3.0,1.0,16.0,2.0,0.0,0.0,0.0,0.0,0.0,0.0,0.0,0.0,0.0,0.0,0.0,0.0,0.0,1.0,7.406666666666666,3,0.11000000000000001,0.8888888888888888,0.006756756756756757,0.8513513513513513,0.07,0.0,0.0,0.023333333333333334,0.0,0.013333333333333332,0.03666666666666667,0.33333333333333337,84.0,0.0,0.0,98.66666666666667,1.0,0.0,7.0,0.0,0.33333333333333337,0.0,6.333333333333334,1.0,0.6666666666666667,4.333333333333333,0.33333333333333337,3.666666666666667,0.0,1.6666666666666665,3.666666666666667,0.33333333333333337,5.333333333333334,0.6666666666666667,0.0,0.0,0.0,0.0,0.0,0.0,0.03666666666666667,0.34607655932747927,0.35929598074087804,0.4262549019607843,0.4383048713207245,0.5365307132403055,0.02516442087168495,0.4993341366449992,0.43398786584536236,0.06667791803677876,0.3376673956712087,0.2219725022065841,0.15270691183651622,24.294910364145657,center,low,38.333333333333336,37.86363636363637,63.39633963396341,89.87878787878788,62.54545454545455,59.51515151515154,69.6969696969697,63.27928442844284
brasil,Brasil,rayan_26,Rayan (26),Rayan,26,3,Ataque,132.0,0.0,1.0,0.65,0.79,0.06999999999999999,0.72,2.0,41.0,5.0,1.0,1.0,0.0,1.0,1.0,4.0,71.0,10.0,2.0,3.0,0.0,1.0,0.0,1.0,0.65,2.0,0.0,0.0,0.0,2.0,4.0,0.0,7.0,2.0,3.0,3.0,9.0,7.0,2.0,1.0,0.0,0.0,0.0,0.0,0.0,0.0,0.0,0.0,0.0,0.0,0.0,0.0,7.681818181818182,2,0.72,0.5625,0.11267605633802817,0.5774647887323944,0.325,0.0,0.6818181818181819,0.44318181818181823,0.5386363636363637,0.04772727272727272,0.49090909090909085,1.3636363636363638,27.954545454545453,3.409090909090909,0.6818181818181819,48.40909090909091,6.818181818181818,1.3636363636363638,2.0454545454545454,0.0,0.6818181818181819,0.6818181818181819,2.7272727272727275,1.3636363636363638,0.0,0.0,1.3636363636363638,2.7272727272727275,0.0,4.7727272727272725,1.3636363636363638,2.0454545454545454,6.136363636363636,4.7727272727272725,1.3636363636363638,0.6818181818181819,0.0,0.0,0.0,0.0,0.49090909090909085,0.5691312344809738,0.7798806002368022,0.34840382819794585,0.005217163386105588,0.212862554147388,0.7819203969204065,0.1933471793026635,0.38175731310338684,0.42489559496894025,0.34934355544321466,0.24595655343839404,0.1482421564059002,19.01912825736355,right,high,76.25757575757575,59.696969696969695,50.21002100210021,44.51515151515151,37.303030303030305,56.06060606060607,75.75757575757575,58.97153688341808
brasil,Brasil,marquinhos_4,Marquinhos (4),Marquinhos,4,1,Defesa,270.0,0.0,0.0,0.09,0.0,0.04,0.1299999999999999,2.0,240.0,0.0,0.0,1.0,1.0,0.0,1.0,16.0,276.0,2.0,0.0,15.0,0.0,18.0,0.0,0.0,0.09,2.0,3.0,11.0,7.0,0.0,9.0,0.0,2.0,6.0,0.0,0.0,8.0,3.0,0.0,0.0,0.0,0.0,0.0,0.0,0.0,0.0,0.0,0.0,0.0,0.0,0.0,0.0,7.083333333333333,3,0.13,0.7272727272727273,0.010869565217391304,0.8695652173913043,0.045,0.0,0.0,0.03,0.0,0.013333333333333332,0.04333333333333329,0.6666666666666667,80.0,0.0,0.0,92.0,0.6666666666666667,0.0,5.0,0.0,6.0,0.0,5.333333333333334,0.6666666666666667,1.0,3.666666666666667,0.0,3.0,0.0,0.6666666666666667,2.0,0.0,2.666666666666667,1.0,0.0,0.0,0.0,0.0,0.0,0.0,0.043333333333333335,0.34432960784991057,0.6638647883026173,0.3756162464985994,0.006250266761829455,0.49464109539985657,0.49910860260327655,0.49804767966270447,0.4745144148667653,0.027437865307244163,0.33138518532117206,0.2003345781391011,0.1461255410117069,22.161578431372547,right,low,37.56060606060606,39.40909090909091,54.77047704770479,88.0909090909091,65.78787878787878,50.787878787878796,36.36363636363637,58.556892439243924
brasil,Brasil,casemiro_5,Casemiro (5),Casemiro,5,2,Meio,200.0,0.0,0.0,0.02,0.0,0.28,0.3,1.0,98.0,1.0,0.0,0.0,1.0,0.0,1.0,26.0,156.0,1.0,0.0,19.0,1.0,4.0,0.0,1.0,0.02,11.0,2.0,9.0,3.0,4.0,10.0,4.0,15.0,4.0,4.0,4.0,19.0,14.0,0.0,0.0,0.0,0.0,0.0,0.0,0.0,0.0,0.0,0.0,0.0,0.0,0.0,0.0,7.2325,3,0.30000000000000004,0.5757575757575758,0.09615384615384616,0.6282051282051282,0.02,0.0,0.0,0.009000000000000001,0.0,0.12600000000000003,0.135,0.45,44.1,0.45,0.0,70.2,0.45,0.0,8.55,0.45,1.8,0.45,11.700000000000001,4.95,0.9,4.05,1.8,4.5,1.8,6.75,1.8,1.8,8.55,6.300000000000001,0.0,0.0,0.0,0.0,0.0,0.0,0.135,0.4319370300270491,0.49027363369863886,0.5382898809523811,0.26683953404426575,0.5005397334694862,0.2326207485049963,0.34236482828855513,0.5334266915917396,0.12420855145901441,0.34932603016495706,0.1998531287876655,0.22014456393973025,27.20828487394958,center,mid,36.833333333333336,62.75757575757576,82.46324632463248,43.4090909090909,68.51515151515152,52.18181818181819,57.57575757575758,58.15368674798515
brasil,Brasil,bruno_guimaraes_8,Bruno Guimarães (8),Bruno Guimarães,8,2,Meio,251.0,0.0,3.0,0.04,0.0,0.7300000000000001,0.77,2.0,98.0,5.0,0.0,1.0,1.0,0.0,2.0,12.0,166.0,4.0,2.0,14.0,1.0,3.0,3.0,3.0,0.04,7.0,1.0,3.0,2.0,1.0,14.0,4.0,15.0,3.0,6.0,3.0,18.0,14.0,2.0,0.0,0.0,0.0,0.0,0.0,0.0,0.0,0.0,0.0,0.0,0.0,0.0,0.0,7.855498007968127,3,0.7700000000000001,0.5625,0.10240963855421686,0.5903614457831325,0.02,0.0,1.0756972111553784,0.014342629482071713,0.0,0.26175298804780883,0.2760956175298805,0.7171314741035857,35.1394422310757,1.792828685258964,0.0,59.52191235059761,1.4342629482071714,0.7171314741035857,5.0199203187251,0.35856573705179284,1.0756972111553784,1.0756972111553784,4.302788844621514,2.50996015936255,0.35856573705179284,1.0756972111553784,0.35856573705179284,5.0199203187251,1.4342629482071714,5.378486055776893,1.0756972111553784,1.0756972111553784,6.454183266932271,5.0199203187251,0.7171314741035857,0.0,0.0,0.0,0.0,0.0,0.27609561752988054,0.49731020919774377,0.5812454682126348,0.5924267356344929,0.16782421995681596,0.41824819569093774,0.41392762798712074,0.26164863059720195,0.47089267204482244,0.26745871392141773,0.35988445039764344,0.23276391290389703,0.21987968393570734,29.091560491925854,center,mid,53.56060606060606,73.81818181818181,59.795979597959814,39.24242424242425,50.72727272727272,61.75757575757577,93.93939393939394,56.91915433772117
brasil,Brasil,douglas_santos_16,Douglas Santos (16),Douglas Santos,16,1,Defesa,262.0,0.0,0.0,0.14,0.0,0.06,0.2,2.0,125.0,1.0,0.0,2.0,0.0,0.0,2.0,14.0,185.0,2.0,0.0,13.0,1.0,2.0,0.0,0.0,0.14,10.0,0.0,1.0,1.0,3.0,11.0,1.0,11.0,0.0,1.0,3.0,11.0,5.0,0.0,1.0,1.0,0.0,0.0,0.0,0.0,0.0,0.0,0.0,0.0,0.0,0.0,0.0,7.357480916030535,3,0.2,0.6875,0.02702702702702703,0.6756756756756757,0.07,0.0,0.0,0.048091603053435114,0.0,0.020610687022900764,0.06870229007633588,0.6870229007633587,42.93893129770993,0.34351145038167935,0.0,63.54961832061069,0.6870229007633587,0.0,4.465648854961832,0.34351145038167935,0.6870229007633587,0.0,4.809160305343512,3.435114503816794,0.0,0.34351145038167935,1.0305343511450382,3.7786259541984735,0.34351145038167935,3.7786259541984735,0.0,1.0305343511450382,3.7786259541984735,1.717557251908397,0.0,0.34351145038167935,0.0,0.0,0.0,0.0,0.06870229007633588,0.4535827135971233,0.15945498887889373,0.303629354031689,0.9189594788405732,0.06932303050660905,0.011717552560886354,0.384984124480313,0.37060799307495584,0.2444078760747691,0.34894457300200715,0.2485629214782313,0.12819044294707113,16.4119446832168,left,low,39.878787878787875,41.242424242424235,58.52085208520854,73.60606060606061,46.75757575757575,55.0909090909091,63.63636363636363,56.27906192892017
brasil,Brasil,danilo_13,Danilo (13),Danilo,13,1,Defesa,225.0,0.0,0.0,0.0,0.0,0.49,0.49,0.0,142.0,1.0,0.0,0.0,0.0,0.0,0.0,13.0,201.0,2.0,1.0,15.0,0.0,3.0,0.0,0.0,0.0,2.0,0.0,7.0,4.0,4.0,11.0,1.0,3.0,3.0,0.0,5.0,6.0,8.0,1.0,0.0,1.0,0.0,0.0,0.0,0.0,0.0,0.0,0.0,0.0,0.0,0.0,0.0,7.13,3,0.49,0.42857142857142855,0.03980099502487562,0.7064676616915423,0.0,0.0,0.0,0.0,0.0,0.19599999999999998,0.19599999999999998,0.0,56.8,0.4,0.0,80.39999999999999,0.8,0.4,6.0,0.0,1.2000000000000002,0.0,5.2,0.8,0.0,2.8,1.6,4.4,0.4,1.2000000000000002,1.2000000000000002,2.0,2.4000000000000004,3.2,0.4,0.0,0.0,0.0,0.0,0.0,0.19599999999999998,0.4613155049649019,0.7300111412640747,0.37355238095238097,0.015390091016888619,0.3115667521953583,0.6730432093143464,0.3136337705887854,0.4736065626144409,0.21275972127914428,0.31184881925582886,0.23804983243678582,0.15316154879810495,22.18460574229692,right,mid,48.18181818181819,60.24242424242425,52.910291029102915,60.51515151515151,65.0909090909091,48.909090909090914,39.39393939393939,53.81935622133642
brasil,Brasil,alex_sandro_6,Alex Sandro (6),Alex Sandro,6,1,Defesa,8.0,0.0,0.0,0.0,0.0,0.0,0.0,0.0,12.0,0.0,0.0,0.0,0.0,0.0,0.0,0.0,13.0,0.0,0.0,0.0,0.0,0.0,0.0,0.0,0.0,0.0,0.0,0.0,0.0,0.0,0.0,0.0,0.0,0.0,0.0,1.0,0.0,1.0,0.0,0.0,0.0,0.0,0.0,0.0,0.0,0.0,0.0,0.0,0.0,0.0,0.0,0.0,0.0,1,0.0,0.0,0.07692307692307693,0.9230769230769231,0.0,0.0,0.0,0.0,0.0,0.0,0.0,0.0,135.0,0.0,0.0,146.25,0.0,0.0,0.0,0.0,0.0,0.0,0.0,0.0,0.0,0.0,0.0,0.0,0.0,0.0,0.0,11.25,0.0,11.25,0.0,0.0,0.0,0.0,0.0,0.0,0.0,0.5804594457753892,0.1657876033102435,0.18861624649859943,0.8841384649276733,0.11586150527000427,0.0,0.09740980714559555,0.5849406719207764,0.31764939427375793,0.30632442235946655,0.16760578796567743,0.12077233062742504,6.544834733893557,left,mid,50.0,50.0,50.00000000000001,50.0,50.0,50.00000000000001,50.0,50.00000000000001
brasil,Brasil,neymar_10,Neymar (10),Neymar,10,3,Ataque,14.0,0.0,0.0,0.01,0.15,0.07,0.08,1.0,12.0,3.0,1.0,0.0,0.0,1.0,1.0,0.0,24.0,2.0,0.0,2.0,1.0,0.0,3.0,2.0,0.01,0.0,0.0,0.0,0.0,0.0,1.0,0.0,1.0,0.0,1.0,0.0,1.0,3.0,0.0,0.0,0.0,0.0,0.0,0.0,0.0,0.0,0.0,0.0,0.0,0.0,0.0,0.0,6.17,1,0.08,0.25,0.20833333333333334,0.5,0.01,0.0,0.0,0.06428571428571428,0.9642857142857143,0.45,0.5142857142857142,6.428571428571428,77.14285714285714,19.285714285714285,6.428571428571428,154.28571428571428,12.857142857142856,0.0,12.857142857142856,6.428571428571428,0.0,12.857142857142856,0.0,0.0,0.0,0.0,0.0,6.428571428571428,0.0,6.428571428571428,0.0,0.0,6.428571428571428,19.285714285714285,0.0,0.0,0.0,0.0,0.0,0.0,0.5142857142857142,0.5862384358182552,0.40561051238493345,0.29884733893557425,0.432498574256897,0.36081328988075256,0.2066880464553833,0.16838932037353516,0.4410914480686188,0.39051926136016846,0.34129637479782104,0.2408873087468774,0.26681225321266705,11.083871848739495,left,mid,50.0,50.0,50.00000000000001,50.0,50.0,50.00000000000001,50.0,50.00000000000001
brasil,Brasil,danilo_18,Danilo (18),Danilo,18,2,Meio,19.0,0.0,0.0,0.09,0.02,0.01,0.09999999999999999,2.0,6.0,0.0,1.0,1.0,0.0,1.0,1.0,1.0,12.0,2.0,0.0,1.0,0.0,0.0,0.0,0.0,0.09,1.0,0.0,0.0,0.0,0.0,1.0,0.0,1.0,0.0,0.0,0.0,1.0,0.0,0.0,0.0,0.0,0.0,0.0,0.0,0.0,0.0,0.0,0.0,0.0,0.0,0.0,0.0,6.12,2,0.09999999999999999,1.0,0.0,0.5,0.045,0.0,0.0,0.42631578947368415,0.09473684210526316,0.04736842105263158,0.47368421052631576,9.473684210526315,28.421052631578945,0.0,4.7368421052631575,56.84210526315789,9.473684210526315,0.0,4.7368421052631575,0.0,0.0,0.0,4.7368421052631575,4.7368421052631575,0.0,0.0,0.0,4.7368421052631575,0.0,4.7368421052631575,0.0,0.0,4.7368421052631575,0.0,0.0,0.0,0.0,0.0,0.0,0.0,0.47368421052631576,0.4793963316373618,0.40149513449324825,0.1252170868347339,0.31675729155540466,0.5742276906967163,0.10901501029729843,0.23364223539829254,0.6066779494285583,0.15967974066734314,0.2980611026287079,0.1484263689739213,0.17251792643377736,3.6238361344537813,center,mid,50.0,50.0,50.00000000000001,50.0,50.0,50.00000000000001,50.0,50.0
brasil,Brasil,ederson_2,Éderson (2),Éderson,2,2,Meio,9.0,0.0,0.0,0.25,0.0,0.15,0.4,1.0,3.0,0.0,0.0,1.0,0.0,0.0,1.0,1.0,8.0,4.0,0.0,0.0,0.0,0.0,0.0,0.0,0.25,0.0,0.0,0.0,0.0,1.0,0.0,0.0,0.0,0.0,0.0,1.0,0.0,1.0,0.0,1.0,0.0,0.0,0.0,0.0,0.0,0.0,0.0,0.0,0.0,0.0,0.0,0.0,0.0,1,0.4,0.0,0.125,0.375,0.25,0.0,0.0,2.5,0.0,1.5,4.0,10.0,30.0,0.0,0.0,80.0,40.0,0.0,0.0,0.0,0.0,0.0,10.0,0.0,0.0,0.0,10.0,0.0,0.0,0.0,0.0,10.0,0.0,10.0,0.0,10.0,0.0,0.0,0.0,0.0,4.0,0.665003557626538,0.6814801611754298,0.11920728291316525,0.0,0.4748591184616089,0.5251408219337463,0.2536078691482544,0.22869263589382172,0.5176994204521179,0.34860777854919434,0.29118310816937887,0.09293851321505056,4.2480633753501404,right,high,50.0,50.0,50.00000000000001,50.0,50.0,50.00000000000001,50.0,50.0
brasil,Brasil,endrick_19,Endrick (19),Endrick,19,3,Ataque,34.0,0.0,0.0,0.0,0.0,0.0,0.0,0.0,10.0,0.0,0.0,0.0,0.0,0.0,0.0,4.0,20.0,3.0,0.0,2.0,0.0,0.0,0.0,1.0,0.0,2.0,1.0,0.0,0.0,1.0,2.0,0.0,2.0,1.0,0.0,1.0,3.0,2.0,0.0,0.0,1.0,0.0,0.0,0.0,0.0,0.0,0.0,0.0,0.0,0.0,0.0,0.0,6.069999999999999,2,0.0,0.6,0.15,0.5,0.0,0.0,0.0,0.0,0.0,0.0,0.0,0.0,26.47058823529412,0.0,0.0,52.94117647058824,7.9411764705882355,0.0,5.294117647058823,0.0,0.0,2.6470588235294117,10.588235294117647,5.294117647058823,2.6470588235294117,0.0,2.6470588235294117,5.294117647058823,0.0,5.294117647058823,2.6470588235294117,2.6470588235294117,7.9411764705882355,5.294117647058823,0.0,0.0,0.0,0.0,0.0,0.0,0.0,0.5957226924774068,0.6559347768748289,0.16210841983852364,0.032147702925345474,0.4862808690351598,0.48157140787910013,0.11296916005256422,0.51245156807058,0.3745792227632859,0.3021309743909275,0.2128362116112089,0.17321750492098364,5.332923916625474,center,mid,50.0,50.0,50.00000000000001,50.0,50.0,50.00000000000001,50.0,50.0
brasil,Brasil,luiz_henrique_21,Luiz Henrique (21),Luiz Henrique,21,3,Ataque,28.0,0.0,0.0,0.0,0.0,0.04,0.04,0.0,12.0,1.0,0.0,0.0,0.0,0.0,0.0,0.0,14.0,0.0,0.0,0.0,0.0,1.0,0.0,0.0,0.0,0.0,0.0,0.0,0.0,0.0,2.0,1.0,1.0,1.0,1.0,0.0,2.0,1.0,0.0,0.0,0.0,0.0,0.0,0.0,0.0,0.0,0.0,0.0,0.0,0.0,0.0,0.0,6.51,1,0.04,0.6666666666666666,0.07142857142857142,0.8571428571428571,0.0,0.0,0.0,0.0,0.0,0.12857142857142856,0.12857142857142856,0.0,38.57142857142857,3.214285714285714,0.0,45.0,0.0,0.0,0.0,0.0,3.214285714285714,0.0,0.0,0.0,0.0,0.0,0.0,6.428571428571428,3.214285714285714,3.214285714285714,3.214285714285714,0.0,6.428571428571428,3.214285714285714,0.0,0.0,0.0,0.0,0.0,0.0,0.12857142857142856,0.5092768306967165,0.8299221210889313,0.20102941176470587,0.0,0.12091892212629318,0.8790811896324158,0.2014620453119278,0.5317055583000183,0.26683250069618225,0.32493656873703003,0.2070870335745614,0.11474312040991129,7.484006302521008,right,mid,50.0,50.0,50.00000000000001,50.0,50.0,50.00000000000001,50.0,50.0
brasil,Brasil,fabinho_17,Fabinho (17),Fabinho,17,2,Meio,70.0,0.0,0.0,0.0,0.0,0.01,0.01,0.0,42.0,0.0,0.0,0.0,0.0,0.0,0.0,8.0,55.0,0.0,0.0,4.0,0.0,1.0,0.0,0.0,0.0,1.0,0.0,5.0,3.0,2.0,3.0,0.0,1.0,2.0,0.0,4.0,3.0,4.0,0.0,0.0,0.0,0.0,0.0,0.0,0.0,0.0,0.0,0.0,0.0,0.0,0.0,0.0,6.4314285714285715,2,0.01,0.42857142857142855,0.07272727272727272,0.7636363636363637,0.0,0.0,0.0,0.0,0.0,0.012857142857142859,0.012857142857142859,0.0,54.0,0.0,0.0,70.71428571428571,0.0,0.0,5.142857142857142,0.0,1.2857142857142856,0.0,10.285714285714285,1.2857142857142856,0.0,6.428571428571428,2.571428571428571,3.857142857142857,0.0,1.2857142857142856,2.571428571428571,5.142857142857142,3.857142857142857,5.142857142857142,0.0,0.0,0.0,0.0,0.0,0.0,0.012857142857142859,0.4516581595102205,0.413224530102805,0.33877651060424174,0.33134491741657257,0.5767363331147602,0.09191887054060187,0.2707163372210094,0.616129436663219,0.11315432310636554,0.3294716498681477,0.17718946492517595,0.18231049914328784,14.609567026810724,center,mid,29.909090909090914,34.78787878787879,67.25172517251727,55.333333333333336,59.60606060606061,40.48484848484849,6.0606060606060606,49.24807887038704
brasil,Brasil,roger_ibanez_24,Roger Ibañez (24),Roger Ibañez,24,1,Defesa,45.0,0.0,0.0,0.0,0.0,0.0,0.0,0.0,16.0,0.0,0.0,0.0,0.0,0.0,0.0,4.0,31.0,0.0,1.0,4.0,0.0,0.0,0.0,0.0,0.0,2.0,0.0,1.0,1.0,1.0,2.0,2.0,4.0,0.0,1.0,2.0,4.0,5.0,0.0,0.0,0.0,0.0,0.0,0.0,0.0,0.0,0.0,0.0,0.0,0.0,0.0,0.0,6.66,1,0.0,0.4444444444444444,0.16129032258064516,0.5161290322580645,0.0,0.0,0.0,0.0,0.0,0.0,0.0,0.0,32.0,0.0,0.0,62.0,0.0,2.0,8.0,0.0,0.0,0.0,8.0,4.0,0.0,2.0,2.0,4.0,4.0,8.0,0.0,4.0,8.0,10.0,0.0,0.0,0.0,0.0,0.0,0.0,0.0,0.4713550384623251,0.8715340028029384,0.2285112044817927,0.0,0.04337362200021744,0.9566264748573303,0.28015607595443726,0.5445228219032288,0.17532120645046234,0.33082547783851624,0.2059294771171678,0.09262055657948212,14.095159663865548,right,mid,33.16666666666667,29.954545454545457,67.04170417041705,29.303030303030305,53.63636363636364,40.727272727272734,24.242424242424242,49.21197419741974
brasil,Brasil,gabriel_martinelli_22,Gabriel Martinelli (22),Gabriel Martinelli,22,3,Ataque,50.0,0.0,0.0,0.0,0.0,0.25,0.25,0.0,25.0,1.0,0.0,0.0,0.0,0.0,0.0,2.0,34.0,1.0,0.0,1.0,0.0,0.0,0.0,0.0,0.0,0.0,0.0,1.0,1.0,1.0,1.0,0.0,2.0,0.0,2.0,2.0,2.0,5.0,1.0,0.0,0.0,0.0,0.0,0.0,0.0,0.0,0.0,0.0,0.0,0.0,0.0,0.0,6.210799999999999,2,0.25,0.2857142857142857,0.14705882352941177,0.7352941176470589,0.0,0.0,0.0,0.0,0.0,0.45,0.45,0.0,45.0,1.8,0.0,61.2,1.8,0.0,1.8,0.0,0.0,0.0,3.6,0.0,0.0,1.8,1.8,1.8,0.0,3.6,0.0,3.6,3.6,9.0,1.8,0.0,0.0,0.0,0.0,0.0,0.45,0.5211589784331709,0.3494582238667061,0.27751148459383757,0.5706057357788086,0.35480992794036864,0.07458440929651261,0.1603878194093704,0.6207001805305481,0.2189120614528656,0.297291054725647,0.1885966090195797,0.2049794755381879,9.70634857142857,left,mid,52.36363636363637,66.15151515151514,39.76897689768978,37.696969696969695,40.3030303030303,39.03030303030304,3.0303030303030303,48.20251810895375
brasil,Brasil,raphinha_11,Raphinha (11),Raphinha,11,3,Ataque,130.0,0.0,0.0,0.4,0.5700000000000001,0.35000000000000003,0.75,3.0,30.0,3.0,2.0,0.0,1.0,2.0,2.0,0.0,75.0,6.0,1.0,4.0,3.0,0.0,7.0,1.0,0.4,0.0,0.0,0.0,0.0,0.0,3.0,3.0,3.0,1.0,2.0,1.0,4.0,13.0,0.0,0.0,2.0,0.0,0.0,0.0,0.0,0.0,0.0,0.0,0.0,0.0,0.0,0.0,6.556153846153847,2,0.75,0.23529411764705882,0.18666666666666668,0.4,0.13333333333333333,0.0,0.0,0.27692307692307694,0.39461538461538465,0.24230769230769234,0.5192307692307693,2.076923076923077,20.76923076923077,2.076923076923077,1.3846153846153846,51.92307692307692,4.153846153846154,0.6923076923076923,2.769230769230769,2.076923076923077,0.0,0.6923076923076923,0.0,0.0,0.0,0.0,0.0,2.076923076923077,2.076923076923077,2.076923076923077,0.6923076923076923,0.6923076923076923,2.769230769230769,9.0,0.0,0.0,0.0,0.0,0.0,0.0,0.5192307692307693,0.6481457105680549,0.6698895361873431,0.4366844430079724,0.17147234540719253,0.21005912239734942,0.6184686284798843,0.10448426925219022,0.34893835278657764,0.54657748570809,0.358880327298091,0.20920055740265156,0.2561257091155484,20.100811678517562,right,high,72.07575757575758,60.66666666666667,18.811881188118814,9.272727272727275,34.151515151515156,36.06060606060607,15.151515151515152,47.992715680658975
brasil,Brasil,igor_thiago_25,Igor Thiago (25),Igor Thiago,25,3,Ataque,62.0,0.0,0.0,0.66,0.15,0.01,0.67,2.0,5.0,0.0,1.0,1.0,0.0,1.0,1.0,2.0,16.0,2.0,0.0,1.0,0.0,0.0,0.0,0.0,0.66,2.0,0.0,0.0,0.0,0.0,2.0,1.0,2.0,1.0,0.0,2.0,3.0,4.0,0.0,1.0,0.0,0.0,0.0,0.0,0.0,0.0,0.0,0.0,0.0,0.0,0.0,0.0,6.5,1,0.67,0.42857142857142855,0.25,0.3125,0.33,0.0,0.0,0.9580645161290322,0.21774193548387097,0.014516129032258065,0.9725806451612904,2.903225806451613,7.258064516129032,0.0,1.4516129032258065,23.225806451612904,2.903225806451613,0.0,1.4516129032258065,0.0,0.0,0.0,2.903225806451613,2.903225806451613,0.0,0.0,0.0,2.903225806451613,1.4516129032258065,2.903225806451613,1.4516129032258065,2.903225806451613,4.354838709677419,5.806451612903226,0.0,1.4516129032258065,0.0,0.0,0.0,0.0,0.9725806451612904,0.6351436568435013,0.5039303643246581,0.31648039215686274,0.35057249665260315,0.2769505977630615,0.37247681617736816,0.13461950421333313,0.30622920393943787,0.5591511726379395,0.3024132251739502,0.23522198001142078,0.28728541558669335,10.839521008403361,right,high,69.57575757575756,19.96969696969697,39.94899489948996,20.484848484848484,22.181818181818183,33.45454545454546,9.090909090909092,45.98463917444376
japao,Japão,keito_nakamura_13,Keito Nakamura (13),Keito Nakamura,13,3,Ataque,244.0,1.0,1.0,0.16,0.9,0.69,0.85,5.0,77.0,4.0,2.0,2.0,1.0,2.0,3.0,8.0,132.0,7.0,5.0,5.0,2.0,3.0,0.0,0.0,0.16,3.0,0.0,4.0,3.0,1.0,8.0,1.0,9.0,1.0,1.0,3.0,10.0,5.0,1.0,0.0,1.0,0.0,0.0,0.0,0.0,0.0,0.0,0.0,0.0,0.0,0.0,0.0,7.840327868852459,3,0.85,0.6666666666666666,0.03787878787878788,0.5833333333333334,0.032,0.36885245901639346,0.36885245901639346,0.05901639344262295,0.33196721311475413,0.2545081967213114,0.3135245901639344,1.8442622950819672,28.401639344262296,1.4754098360655739,0.7377049180327869,48.68852459016394,2.581967213114754,1.8442622950819672,1.8442622950819672,0.7377049180327869,1.1065573770491803,0.0,2.9508196721311477,1.1065573770491803,0.0,1.4754098360655739,0.36885245901639346,2.9508196721311477,0.36885245901639346,3.319672131147541,0.36885245901639346,1.1065573770491803,3.6885245901639343,1.8442622950819672,0.36885245901639346,0.0,0.0,0.0,0.0,0.0,0.3135245901639344,0.5664053448683571,0.1582361632596737,0.3296266244202599,0.9020167005355241,0.09798330633488835,0.0,0.22041642030731576,0.36893262250013037,0.4106509970104108,0.3512282902832891,0.2524584058180887,0.11852376022891857,17.71918181452909,left,high,75.80303030303031,65.21212121212122,47.26972697269728,66.93939393939392,37.18181818181819,60.60606060606062,90.9090909090909,64.99765721482329
japao,Japão,ko_itakura_4,Ko Itakura (4),Ko Itakura,4,1,Defesa,129.0,0.0,1.0,0.0,0.0,0.04,0.04,0.0,112.0,2.0,0.0,0.0,0.0,0.0,0.0,12.0,131.0,0.0,0.0,9.0,0.0,3.0,0.0,0.0,0.0,1.0,0.0,10.0,4.0,1.0,3.0,0.0,1.0,5.0,0.0,1.0,6.0,2.0,1.0,0.0,0.0,0.0,0.0,0.0,0.0,0.0,0.0,0.0,0.0,0.0,0.0,0.0,7.727906976744186,2,0.04,0.75,0.015267175572519083,0.8549618320610687,0.0,0.0,0.6976744186046512,0.0,0.0,0.02790697674418605,0.02790697674418605,0.0,78.13953488372093,1.3953488372093024,0.0,91.3953488372093,0.0,0.0,6.27906976744186,0.0,2.0930232558139537,0.0,8.372093023255815,0.6976744186046512,0.0,6.976744186046512,0.6976744186046512,2.0930232558139537,0.0,0.6976744186046512,3.488372093023256,0.6976744186046512,4.186046511627907,1.3953488372093024,0.6976744186046512,0.0,0.0,0.0,0.0,0.0,0.02790697674418605,0.3414992316359667,0.4759074631745322,0.4451320109439124,0.2544779878023059,0.5647594166356463,0.18076256766568782,0.4682571742423745,0.5278186437695526,0.003924203040294869,0.3013009747793508,0.16110858809782833,0.19248853795468415,30.417756400234516,center,mid,35.45454545454546,65.60606060606061,58.85088508850887,85.84848484848483,68.9090909090909,64.06060606060608,84.84848484848484,60.36834625928347
japao,Japão,daichi_kamada_15,Daichi Kamada (15),Daichi Kamada,15,2,Meio,253.0,2.0,0.0,0.87,1.6400000000000001,0.29,1.1600000000000001,2.0,137.0,4.0,2.0,0.0,0.0,2.0,2.0,7.0,203.0,5.0,2.0,23.0,2.0,5.0,1.0,4.0,0.87,4.0,0.0,2.0,1.0,1.0,17.0,3.0,10.0,0.0,4.0,1.0,10.0,13.0,1.0,0.0,1.0,0.0,0.0,0.0,0.0,0.0,0.0,0.0,0.0,0.0,0.0,0.0,7.752015810276679,3,1.16,0.43478260869565216,0.08374384236453201,0.6748768472906403,0.435,0.7114624505928854,0.0,0.30948616600790513,0.5833992094861661,0.10316205533596838,0.4126482213438736,0.7114624505928854,48.73517786561265,1.4229249011857708,0.7114624505928854,72.21343873517787,1.7786561264822134,0.7114624505928854,8.181818181818182,0.7114624505928854,1.7786561264822134,1.4229249011857708,2.4901185770750986,1.4229249011857708,0.0,0.7114624505928854,0.3557312252964427,6.047430830039525,1.067193675889328,3.5573122529644268,0.0,0.3557312252964427,3.5573122529644268,4.624505928853755,0.3557312252964427,0.0,0.0,0.0,0.0,0.0,0.4126482213438735,0.5551860705765505,0.35226643309536915,0.5202890302366006,0.5377901523951957,0.3491831643897083,0.11302672691731584,0.17202241709934393,0.48988130135027314,0.3380963132079882,0.3461600830668046,0.20129035911932588,0.22429197148558336,28.35732366227123,left,mid,69.4848484848485,75.06060606060606,45.52955295529555,42.787878787878796,77.0909090909091,61.575757575757585,87.87878787878788,59.02038228021054
japao,Japão,takehiro_tomiyasu_22,Takehiro Tomiyasu (22),Takehiro Tomiyasu,22,1,Defesa,94.0,0.0,0.0,0.19,0.0,0.03,0.22,1.0,83.0,0.0,0.0,1.0,0.0,0.0,1.0,9.0,109.0,1.0,0.0,15.0,0.0,6.0,0.0,0.0,0.19,2.0,1.0,5.0,3.0,1.0,3.0,0.0,3.0,3.0,1.0,4.0,6.0,5.0,0.0,1.0,0.0,0.0,0.0,0.0,0.0,0.0,0.0,0.0,0.0,0.0,0.0,0.0,7.232021276595744,2,0.22,0.5454545454545454,0.045871559633027525,0.7614678899082569,0.19,0.0,0.0,0.18191489361702126,0.0,0.02872340425531915,0.21063829787234045,0.9574468085106382,79.46808510638297,0.0,0.0,104.36170212765957,0.9574468085106382,0.0,14.361702127659575,0.0,5.744680851063829,0.0,8.617021276595745,1.9148936170212765,0.9574468085106382,4.787234042553192,0.9574468085106382,2.8723404255319145,0.0,2.8723404255319145,2.8723404255319145,3.829787234042553,5.744680851063829,4.787234042553192,0.0,0.9574468085106382,0.0,0.0,0.0,0.0,0.21063829787234045,0.41303609565719146,0.765851509659198,0.3449938166756064,0.0,0.2418381779434833,0.7581619347663636,0.4070380704200014,0.4322375690049313,0.16072452274408747,0.32956752434689945,0.2105865276061517,0.12949520233331427,20.71413904285118,right,mid,46.03030303030303,52.72727272727273,69.54695469546957,65.57575757575758,83.81818181818181,53.75757575757577,54.54545454545454,58.989412919552834
japao,Japão,ao_tanaka_7,Ao Tanaka (7),Ao Tanaka,7,2,Meio,180.0,0.0,0.0,0.08,0.0,0.05,0.13,2.0,140.0,1.0,0.0,2.0,0.0,0.0,2.0,9.0,178.0,0.0,3.0,16.0,0.0,3.0,0.0,0.0,0.08,7.0,0.0,1.0,1.0,1.0,11.0,1.0,12.0,2.0,2.0,5.0,14.0,8.0,0.0,0.0,0.0,0.0,0.0,0.0,0.0,0.0,0.0,0.0,0.0,0.0,0.0,0.0,7.525,2,0.13,0.6363636363636364,0.0449438202247191,0.7865168539325843,0.04,0.0,0.0,0.04,0.0,0.025,0.065,1.0,70.0,0.5,0.0,89.0,0.0,1.5,8.0,0.0,1.5,0.0,4.5,3.5,0.0,0.5,0.5,5.5,0.5,6.0,1.0,2.5,7.0,4.0,0.0,0.0,0.0,0.0,0.0,0.0,0.065,0.4492834779655207,0.5161296248796202,0.6524985994397758,0.27922000735998154,0.4172363132238388,0.3035435229539871,0.2983702942728996,0.5713093280792236,0.13032031059265137,0.3383653163909912,0.19153665463298108,0.25686243929792163,37.66722128851541,center,mid,40.51515151515152,52.36363636363636,61.64116411641165,71.27272727272728,73.09090909090908,59.75757575757577,72.72727272727273,57.416929692969305
japao,Japão,yukinari_sugawara_2,Yukinari Sugawara (2),Yukinari Sugawara,2,1,Defesa,121.0,0.0,0.0,0.17,0.29000000000000004,0.04,0.21,2.0,47.0,1.0,2.0,0.0,0.0,2.0,2.0,13.0,99.0,5.0,0.0,8.0,1.0,2.0,0.0,0.0,0.17,2.0,1.0,10.0,4.0,0.0,4.0,0.0,3.0,4.0,1.0,3.0,7.0,5.0,0.0,0.0,0.0,0.0,0.0,0.0,0.0,0.0,0.0,0.0,0.0,0.0,0.0,1.0,7.016363636363637,3,0.21000000000000002,0.5833333333333334,0.050505050505050504,0.47474747474747475,0.085,0.0,0.0,0.12644628099173555,0.21570247933884298,0.029752066115702483,0.15619834710743802,1.487603305785124,34.95867768595041,0.743801652892562,1.487603305785124,73.63636363636364,3.71900826446281,0.0,5.950413223140496,0.743801652892562,1.487603305785124,0.0,9.669421487603307,1.487603305785124,0.743801652892562,7.43801652892562,0.0,2.975206611570248,0.0,2.231404958677686,2.975206611570248,2.231404958677686,5.206611570247934,3.71900826446281,0.0,0.0,0.0,0.0,0.0,0.0,0.15619834710743805,0.4403561677244447,0.8110754691211048,0.36469522189040904,0.00016134613759292304,0.1692953590026572,0.8305434397429474,0.43676592323405683,0.30075383999130945,0.2624804182978701,0.34537421844222327,0.2666147156284292,0.13258470747637402,20.9427995925643,right,low,59.424242424242436,54.545454545454554,66.09660966096611,57.24242424242424,56.151515151515156,42.36363636363637,33.33333333333333,54.610055214052224
japao,Japão,junya_ito_14,Junya Ito (14),Junya Ito,14,3,Ataque,137.0,1.0,0.0,0.64,0.59,0.14,0.78,2.0,48.0,3.0,1.0,0.0,1.0,1.0,1.0,4.0,104.0,6.0,1.0,5.0,4.0,1.0,9.0,2.0,0.64,3.0,0.0,0.0,0.0,1.0,4.0,1.0,7.0,1.0,3.0,2.0,8.0,14.0,0.0,0.0,0.0,0.0,0.0,0.0,0.0,0.0,0.0,0.0,0.0,0.0,0.0,0.0,7.261313868613138,3,0.78,0.36363636363636365,0.15384615384615385,0.46153846153846156,0.32,0.656934306569343,0.0,0.4204379562043796,0.3875912408759124,0.09197080291970804,0.5124087591240876,1.313868613138686,31.532846715328468,1.9708029197080292,0.656934306569343,68.32116788321167,3.9416058394160585,0.656934306569343,3.284671532846715,2.627737226277372,0.656934306569343,1.313868613138686,2.627737226277372,1.9708029197080292,0.0,0.0,0.656934306569343,2.627737226277372,0.656934306569343,4.598540145985401,0.656934306569343,1.313868613138686,5.255474452554744,9.197080291970803,0.0,0.0,0.0,0.0,0.0,0.0,0.5124087591240876,0.6289607772120722,0.7684500246869574,0.36432035003782537,0.05585977794045079,0.16685706714208978,0.7772832073434426,0.136838419267731,0.3823796926188643,0.48078200590871545,0.35154982009073243,0.21889538612831405,0.19689779555668627,18.841160686172284,right,high,73.03030303030303,59.303030303030305,41.26912691269127,15.666666666666666,49.36363636363637,49.39393939393941,60.60606060606061,54.18888548766771
japao,Japão,ayase_ueda_18,Ayase Ueda (18),Ayase Ueda,18,3,Ataque,234.0,2.0,1.0,0.72,1.16,0.36,1.08,7.0,21.0,3.0,3.0,2.0,2.0,3.0,3.0,4.0,60.0,8.0,2.0,5.0,0.0,0.0,0.0,4.0,0.72,1.0,0.0,3.0,3.0,0.0,4.0,0.0,6.0,4.0,4.0,4.0,10.0,16.0,1.0,1.0,1.0,0.0,0.0,0.0,0.0,0.0,0.0,0.0,0.0,0.0,0.0,0.0,7.384358974358975,3,1.08,0.38461538461538464,0.3333333333333333,0.35,0.10285714285714286,0.7692307692307693,0.38461538461538464,0.27692307692307694,0.4461538461538461,0.13846153846153847,0.4153846153846154,2.6923076923076925,8.076923076923077,1.1538461538461537,1.1538461538461537,23.076923076923073,3.076923076923077,0.7692307692307693,1.9230769230769231,0.0,0.0,1.5384615384615385,1.5384615384615385,0.38461538461538464,0.0,1.1538461538461537,0.0,1.5384615384615385,0.0,2.3076923076923075,1.5384615384615385,1.5384615384615385,3.8461538461538463,6.153846153846154,0.38461538461538464,0.38461538461538464,0.0,0.0,0.0,0.0,0.4153846153846154,0.5507712708091067,0.5460108305967519,0.3753399051928463,0.22539878808535063,0.40896619665317047,0.36563499233661556,0.14211914363579872,0.5288546834236536,0.32902617561511505,0.30372335895513874,0.2239540145233052,0.24271621521826373,13.322538928391868,center,mid,75.57575757575758,49.090909090909086,29.147914791479153,15.181818181818182,26.242424242424242,50.18181818181819,66.66666666666666,53.43391205787245
japao,Japão,zion_suzuki_1,Zion Suzuki (1),Zion Suzuki,1,0,Goleiro,270.0,0.0,0.0,0.0,0.0,0.01,0.01,0.0,40.0,0.0,0.0,0.0,0.0,0.0,2.0,5.0,89.0,0.0,0.0,17.0,0.0,9.0,0.0,0.0,0.0,0.0,0.0,5.0,0.0,0.0,16.0,0.0,1.0,3.0,1.0,0.0,4.0,1.0,0.0,0.0,0.0,8.0,3.0,3.3200000000000003,0.32,5.0,6.0,1.0,4.0,8.0,2.0,0.0,7.153333333333333,3,0.01,0.8,0.011235955056179775,0.449438202247191,0.0,0.0,0.0,0.0,0.0,0.003333333333333333,0.003333333333333333,0.0,13.333333333333332,0.0,0.0,29.666666666666664,0.0,0.0,5.666666666666666,0.0,3.0,0.0,1.6666666666666665,0.0,0.0,1.6666666666666665,0.0,5.333333333333334,0.0,0.33333333333333337,1.0,0.0,1.3333333333333335,0.33333333333333337,0.0,0.0,2.666666666666667,1.0,1.1066666666666667,0.10666666666666666,0.003333333333333333,0.1370265919635413,0.5216734077613988,0.15151774042950514,0.07113631209358573,0.7845978140830994,0.14426587770382562,0.9888796408971151,0.011120396373977806,0.0,0.34838660558064777,0.07748121787855375,0.13923206687883177,8.028136321195145,center,low,27.63636363636364,31.484848484848484,40.999099909991,70.72727272727272,35.45454545454545,56.06060606060607,42.42424242424242,53.339090909090906
japao,Japão,hiroki_ito_21,Hiroki Ito (21),Hiroki Ito,21,1,Defesa,270.0,0.0,0.0,0.03,0.0,0.1,0.13,1.0,139.0,2.0,0.0,1.0,0.0,0.0,1.0,21.0,204.0,1.0,0.0,24.0,1.0,7.0,0.0,0.0,0.03,4.0,2.0,14.0,8.0,1.0,6.0,2.0,4.0,6.0,0.0,7.0,10.0,13.0,0.0,0.0,0.0,0.0,0.0,0.0,0.0,0.0,0.0,0.0,0.0,0.0,0.0,0.0,6.82,3,0.13,0.43478260869565216,0.06372549019607843,0.6813725490196079,0.03,0.0,0.0,0.009999999999999998,0.0,0.03333333333333334,0.043333333333333335,0.33333333333333337,46.333333333333336,0.6666666666666667,0.0,68.0,0.33333333333333337,0.0,8.0,0.33333333333333337,2.3333333333333335,0.0,7.0,1.3333333333333335,0.6666666666666667,4.666666666666667,0.33333333333333337,2.0,0.6666666666666667,1.3333333333333335,2.0,2.3333333333333335,3.333333333333333,4.333333333333333,0.0,0.0,0.0,0.0,0.0,0.0,0.043333333333333335,0.40861415521403593,0.22205074027146812,0.38309897292250233,0.8038628498713175,0.17459376653035483,0.021543343551456928,0.3799762825171153,0.4767341613769531,0.14328952133655548,0.32986019055048627,0.22618992635137744,0.15668078772347135,23.02064192343604,left,mid,35.015151515151516,61.87878787878788,51.155115511551166,54.45454545454545,68.7878787878788,45.21212121212122,27.27272727272727,51.10347209720972
japao,Japão,tsuyoshi_watanabe_16,Tsuyoshi Watanabe (16),Tsuyoshi Watanabe,16,1,Defesa,90.0,0.0,0.0,0.0,0.0,0.02,0.02,0.0,27.0,1.0,0.0,0.0,0.0,0.0,0.0,12.0,52.0,1.0,0.0,7.0,1.0,2.0,0.0,0.0,0.0,3.0,1.0,8.0,3.0,0.0,2.0,1.0,4.0,2.0,1.0,0.0,6.0,5.0,0.0,0.0,0.0,0.0,0.0,0.0,0.0,0.0,0.0,0.0,0.0,0.0,0.0,0.0,6.56,2,0.02,0.5454545454545454,0.09615384615384616,0.5192307692307693,0.0,0.0,0.0,0.0,0.0,0.02,0.02,0.0,27.0,1.0,0.0,51.99999999999999,1.0,0.0,7.0,1.0,2.0,0.0,12.0,3.0,1.0,8.0,0.0,2.0,1.0,4.0,2.0,0.0,6.0,5.0,0.0,0.0,0.0,0.0,0.0,0.0,0.02,0.4184173938880637,0.793941034018601,0.3286795051353875,0.023319322305421036,0.13577270756165186,0.8409079611301422,0.4114657441775004,0.4124874571959178,0.1760468160112699,0.3395170917113622,0.2424392834677077,0.15249692830305653,17.142003384687207,right,mid,36.81818181818182,56.45454545454546,67.0867086708671,45.0,55.3939393939394,40.181818181818194,21.21212121212121,50.91651665166517
japao,Japão,ayumu_seko_20,Ayumu Seko (20),Ayumu Seko,20,1,Defesa,86.0,0.0,0.0,0.0,0.0,0.01,0.01,0.0,42.0,1.0,0.0,0.0,0.0,0.0,0.0,7.0,64.0,0.0,0.0,9.0,0.0,1.0,0.0,0.0,0.0,1.0,0.0,5.0,4.0,1.0,2.0,0.0,1.0,2.0,0.0,1.0,3.0,3.0,0.0,0.0,0.0,0.0,0.0,0.0,0.0,0.0,0.0,0.0,0.0,0.0,0.0,0.0,6.55639534883721,2,0.01,0.5,0.046875,0.65625,0.0,0.0,0.0,0.0,0.0,0.010465116279069767,0.010465116279069767,0.0,43.95348837209302,1.0465116279069768,0.0,66.97674418604652,0.0,0.0,9.418604651162791,0.0,1.0465116279069768,0.0,7.325581395348838,1.0465116279069768,0.0,5.232558139534883,1.0465116279069768,2.0930232558139537,0.0,1.0465116279069768,2.0930232558139537,1.0465116279069768,3.13953488372093,3.13953488372093,0.0,0.0,0.0,0.0,0.0,0.0,0.010465116279069767,0.35393629420702954,0.7438684848535332,0.3382263859031985,0.008363963299712469,0.2323330125316631,0.7593029280041539,0.4838742676169373,0.4569049657777298,0.059220763085799856,0.3435259707445322,0.20075005820372135,0.15967902490408556,18.942923107615137,right,low,28.393939393939398,48.78787878787878,55.70057005700571,61.06060606060606,58.878787878787875,41.45454545454546,18.181818181818183,50.55708650410496
japao,Japão,junnosuke_suzuki_25,Junnosuke Suzuki (25),Junnosuke Suzuki,25,1,Defesa,17.0,0.0,0.0,0.0,0.0,0.0,0.0,0.0,3.0,0.0,0.0,0.0,0.0,0.0,0.0,2.0,6.0,0.0,0.0,0.0,0.0,0.0,0.0,0.0,0.0,0.0,0.0,1.0,1.0,1.0,0.0,0.0,0.0,0.0,0.0,0.0,0.0,0.0,0.0,0.0,0.0,0.0,0.0,0.0,0.0,0.0,0.0,0.0,0.0,0.0,0.0,0.0,6.23,1,0.0,0.5,0.0,0.5,0.0,0.0,0.0,0.0,0.0,0.0,0.0,0.0,15.882352941176471,0.0,0.0,31.764705882352942,0.0,0.0,0.0,0.0,0.0,0.0,10.588235294117647,0.0,0.0,5.294117647058823,5.294117647058823,0.0,0.0,0.0,0.0,0.0,0.0,0.0,0.0,0.0,0.0,0.0,0.0,0.0,0.0,0.3271525116470609,0.083067894796369,0.07613305322128852,1.0,0.0,0.0,0.6293049454689026,0.25636231899261475,0.1143326684832573,0.3243001401424408,0.25886575432208353,0.055027898990179694,2.7549768907563026,left,low,50.0,50.0,50.00000000000001,50.0,50.0,50.00000000000001,50.0,50.0
japao,Japão,keisuke_goto_9,Keisuke Goto (9),Keisuke Goto,9,3,Ataque,6.0,0.0,0.0,0.0,0.0,0.0,0.0,0.0,1.0,0.0,0.0,0.0,0.0,0.0,0.0,1.0,3.0,0.0,0.0,0.0,0.0,1.0,0.0,0.0,0.0,1.0,0.0,0.0,0.0,0.0,0.0,0.0,2.0,0.0,1.0,0.0,2.0,0.0,0.0,0.0,0.0,0.0,0.0,0.0,0.0,0.0,0.0,0.0,0.0,0.0,0.0,0.0,0.0,1,0.0,1.0,0.0,0.3333333333333333,0.0,0.0,0.0,0.0,0.0,0.0,0.0,0.0,15.0,0.0,0.0,45.0,0.0,0.0,0.0,0.0,15.0,0.0,15.0,15.0,0.0,0.0,0.0,0.0,0.0,30.0,0.0,0.0,30.0,0.0,0.0,0.0,0.0,0.0,0.0,0.0,0.0,0.4986250425219041,0.28613821383771687,0.03729551820728291,0.5606587529182434,0.43220439553260803,0.007136856205761433,0.20088131725788116,0.4242977499961853,0.37482091784477234,0.3279101848602295,0.17721367398118967,0.27115615791989967,1.215279586834734,left,mid,50.0,50.0,50.00000000000001,50.0,50.0,50.00000000000001,50.0,50.0
japao,Japão,kento_shiogai_26,Kento Shiogai (26),Kento Shiogai,26,3,Ataque,6.0,0.0,0.0,0.0,0.0,0.0,0.0,0.0,1.0,0.0,0.0,0.0,0.0,0.0,0.0,0.0,2.0,0.0,0.0,0.0,0.0,0.0,0.0,0.0,0.0,0.0,0.0,0.0,0.0,0.0,1.0,0.0,0.0,0.0,0.0,0.0,0.0,0.0,0.0,0.0,0.0,0.0,0.0,0.0,0.0,0.0,0.0,0.0,0.0,0.0,0.0,0.0,0.0,1,0.0,0.5,0.0,0.5,0.0,0.0,0.0,0.0,0.0,0.0,0.0,0.0,15.0,0.0,0.0,30.0,0.0,0.0,0.0,0.0,0.0,0.0,0.0,0.0,0.0,0.0,0.0,15.0,0.0,0.0,0.0,0.0,0.0,0.0,0.0,0.0,0.0,0.0,0.0,0.0,0.0,0.23311071514389617,0.7048705948285594,0.04473249299719887,0.0,0.3266218900680542,0.6733781099319458,0.9949502348899841,0.0050497413612902164,0.0,0.28527945280075073,0.0473878754037683,0.06719246214559857,1.4867839635854339,right,low,50.0,50.0,50.00000000000001,50.0,50.0,50.00000000000001,50.0,50.0
japao,Japão,koki_ogawa_19,Koki Ogawa (19),Koki Ogawa,19,3,Ataque,39.0,0.0,1.0,0.36,0.0,0.0,0.36,3.0,3.0,1.0,0.0,2.0,1.0,0.0,2.0,0.0,8.0,3.0,0.0,0.0,0.0,0.0,0.0,0.0,0.36,0.0,0.0,0.0,0.0,0.0,0.0,0.0,0.0,0.0,0.0,1.0,0.0,3.0,0.0,1.0,0.0,0.0,0.0,0.0,0.0,0.0,0.0,0.0,0.0,0.0,0.0,0.0,6.171538461538462,2,0.36,0.0,0.375,0.375,0.12,0.0,2.3076923076923075,0.8307692307692307,0.0,0.0,0.8307692307692307,6.923076923076923,6.923076923076923,2.3076923076923075,0.0,18.46153846153846,6.923076923076923,0.0,0.0,0.0,0.0,0.0,0.0,0.0,0.0,0.0,0.0,0.0,0.0,0.0,0.0,2.3076923076923075,0.0,6.923076923076923,0.0,2.3076923076923075,0.0,0.0,0.0,0.0,0.8307692307692307,0.6500471324201434,0.40439457294952963,0.09868648998060763,0.2614304721355438,0.7314698787835928,0.007099600598359337,0.08580404405410473,0.41688046088585484,0.49731550766871524,0.2609003438399388,0.23375655604118575,0.17990025731068104,2.9444780489118725,center,high,50.0,50.0,50.00000000000001,50.0,50.0,50.00000000000001,50.0,50.0
japao,Japão,yuito_suzuki_17,Yuito Suzuki (17),Yuito Suzuki,17,2,Meio,11.0,0.0,0.0,0.0,0.0,0.0,0.0,0.0,4.0,0.0,0.0,0.0,0.0,0.0,0.0,1.0,8.0,0.0,0.0,0.0,0.0,0.0,0.0,1.0,0.0,1.0,0.0,0.0,0.0,0.0,1.0,0.0,1.0,0.0,0.0,0.0,1.0,1.0,0.0,0.0,0.0,0.0,0.0,0.0,0.0,0.0,0.0,0.0,0.0,0.0,0.0,0.0,6.14,1,0.0,0.5,0.25,0.5,0.0,0.0,0.0,0.0,0.0,0.0,0.0,0.0,32.72727272727273,0.0,0.0,65.45454545454545,0.0,0.0,0.0,0.0,0.0,8.181818181818182,8.181818181818182,8.181818181818182,0.0,0.0,0.0,8.181818181818182,0.0,8.181818181818182,0.0,0.0,8.181818181818182,8.181818181818182,0.0,0.0,0.0,0.0,0.0,0.0,0.0,0.6950531196355213,0.282656629142405,0.12277871148459384,0.7693746089935303,0.0,0.2306254506111145,0.0,0.4814411997795105,0.5185588002204895,0.29753997921943665,0.15925366546733805,0.36112467003015464,4.124696778711485,left,high,50.0,50.0,50.00000000000001,50.0,50.0,50.00000000000001,50.0,50.0
japao,Japão,yuto_nagatomo_5,Yuto Nagatomo (5),Yuto Nagatomo,5,1,Defesa,15.0,0.0,0.0,0.0,0.0,0.01,0.01,0.0,2.0,0.0,0.0,0.0,0.0,0.0,0.0,4.0,11.0,0.0,0.0,0.0,0.0,0.0,0.0,0.0,0.0,0.0,0.0,3.0,2.0,1.0,0.0,0.0,0.0,1.0,0.0,0.0,1.0,0.0,0.0,0.0,0.0,0.0,0.0,0.0,0.0,0.0,0.0,0.0,0.0,0.0,0.0,0.0,6.34,1,0.01,1.0,0.0,0.18181818181818182,0.0,0.0,0.0,0.0,0.0,0.06,0.06,0.0,12.0,0.0,0.0,66.0,0.0,0.0,0.0,0.0,0.0,0.0,24.0,0.0,0.0,18.0,6.0,0.0,0.0,0.0,6.0,0.0,6.0,0.0,0.0,0.0,0.0,0.0,0.0,0.0,0.06,0.4021381697792377,0.23906175514704966,0.17092997198879553,0.7467907667160034,0.23534926772117615,0.017859933897852898,0.5330376625061035,0.2149939090013504,0.2519684433937073,0.2728601098060608,0.2787555360022274,0.20187800625255511,5.789334383753501,left,low,50.0,50.0,50.00000000000001,50.0,50.0,50.00000000000001,50.0,50.0
japao,Japão,daizen_maeda_11,Daizen Maeda (11),Daizen Maeda,11,3,Ataque,156.0,1.0,0.0,0.68,0.75,0.15,0.8300000000000001,2.0,15.0,1.0,1.0,1.0,0.0,1.0,1.0,11.0,44.0,6.0,0.0,1.0,0.0,0.0,0.0,0.0,0.68,4.0,0.0,7.0,3.0,0.0,3.0,2.0,4.0,2.0,0.0,2.0,6.0,10.0,0.0,0.0,1.0,0.0,0.0,0.0,0.0,0.0,0.0,0.0,0.0,0.0,0.0,0.0,7.1534615384615385,2,0.8300000000000001,0.375,0.22727272727272727,0.3409090909090909,0.34,0.5769230769230769,0.0,0.39230769230769236,0.4326923076923077,0.08653846153846154,0.4788461538461539,1.1538461538461537,8.653846153846155,0.5769230769230769,0.5769230769230769,25.384615384615383,3.4615384615384617,0.0,0.5769230769230769,0.0,0.0,0.0,6.346153846153846,2.3076923076923075,0.0,4.038461538461538,0.0,1.7307692307692308,1.1538461538461537,2.3076923076923075,1.1538461538461537,1.1538461538461537,3.4615384615384617,5.769230769230768,0.0,0.0,0.0,0.0,0.0,0.0,0.4788461538461539,0.5554526158889698,0.3379674931981258,0.388913488472312,0.5251477223176223,0.38807803048537326,0.08677435623338589,0.25478929395859057,0.34267319853489214,0.402537546478785,0.3301913050504831,0.2920228639845108,0.21960900607014347,14.363298480930835,left,high,71.22727272727272,34.75757575757576,43.36933693369338,19.90909090909091,19.81818181818182,43.93939393939395,45.45454545454545,49.70668496117905
japao,Japão,shogo_taniguchi_3,Shogo Taniguchi (3),Shogo Taniguchi,3,1,Defesa,141.0,0.0,0.0,0.0,0.0,0.02,0.02,0.0,78.0,0.0,0.0,0.0,0.0,0.0,0.0,15.0,100.0,1.0,0.0,9.0,0.0,3.0,0.0,0.0,0.0,0.0,0.0,15.0,11.0,0.0,2.0,0.0,1.0,1.0,1.0,1.0,2.0,2.0,0.0,0.0,0.0,0.0,0.0,0.0,0.0,0.0,0.0,0.0,0.0,0.0,0.0,0.0,6.5161702127659575,2,0.02,0.5,0.02,0.78,0.0,0.0,0.0,0.0,0.0,0.01276595744680851,0.01276595744680851,0.0,49.787234042553195,0.0,0.0,63.829787234042556,0.6382978723404256,0.0,5.744680851063829,0.0,1.9148936170212765,0.0,9.574468085106384,0.0,0.0,9.574468085106384,0.0,1.2765957446808511,0.0,0.6382978723404256,0.6382978723404256,0.6382978723404256,1.2765957446808511,1.2765957446808511,0.0,0.0,0.0,0.0,0.0,0.0,0.01276595744680851,0.3527299371904586,0.48459775988652126,0.3902446808510638,0.18508811643783082,0.6813757977587112,0.13353607763952396,0.4805790439565131,0.4799819715479587,0.03943893688909234,0.334155797958374,0.2002624295723305,0.15051281645384093,23.05792341617498,center,low,32.969696969696976,37.090909090909086,42.184218421842196,73.78787878787878,58.27272727272727,42.48484848484849,12.121212121212121,49.42565139630847
japao,Japão,kaishu_sano_24,Kaishu Sano (24),Kaishu Sano,24,2,Meio,180.0,0.0,1.0,0.0,0.0,0.31,0.31,0.0,96.0,1.0,0.0,0.0,0.0,0.0,0.0,6.0,120.0,1.0,0.0,6.0,1.0,1.0,0.0,2.0,0.0,3.0,0.0,0.0,0.0,3.0,8.0,2.0,4.0,1.0,1.0,2.0,5.0,10.0,0.0,0.0,0.0,0.0,0.0,0.0,0.0,0.0,0.0,0.0,0.0,0.0,0.0,0.0,7.160000000000001,2,0.31,0.3333333333333333,0.1,0.8,0.0,0.0,0.5,0.0,0.0,0.155,0.155,0.0,48.0,0.5,0.0,60.0,0.5,0.0,3.0,0.5,0.5,1.0,3.0,1.5,0.0,0.0,1.5,4.0,1.0,2.0,0.5,1.0,2.5,5.0,0.0,0.0,0.0,0.0,0.0,0.0,0.155,0.4955572552310859,0.5944142683477369,0.4661785714285714,0.1316918283700943,0.4967614710330963,0.3715466856956482,0.17686253041028976,0.6626095771789551,0.16052784770727158,0.3668854087591171,0.17103067736131353,0.21154074412059387,24.670810224089635,center,mid,40.98484848484849,53.72727272727273,46.35463546354637,39.1969696969697,46.545454545454554,53.27272727272728,48.484848484848484,47.72229722972298
japao,Japão,takefusa_kubo_8,Takefusa Kubo (8),Takefusa Kubo,8,3,Ataque,75.0,0.0,1.0,0.03,0.0,0.03,0.06,1.0,12.0,1.0,0.0,1.0,0.0,0.0,1.0,1.0,24.0,1.0,0.0,1.0,0.0,1.0,0.0,1.0,0.03,0.0,0.0,0.0,0.0,1.0,2.0,0.0,1.0,0.0,1.0,1.0,1.0,2.0,0.0,0.0,0.0,0.0,0.0,0.0,0.0,0.0,0.0,0.0,0.0,0.0,0.0,0.0,7.19,1,0.06,0.3333333333333333,0.125,0.5,0.03,0.0,1.2000000000000002,0.036,0.0,0.036,0.072,1.2000000000000002,14.4,1.2000000000000002,0.0,28.8,1.2000000000000002,0.0,1.2000000000000002,0.0,1.2000000000000002,1.2000000000000002,1.2000000000000002,0.0,0.0,0.0,1.2000000000000002,2.4000000000000004,0.0,1.2000000000000002,0.0,1.2000000000000002,1.2000000000000002,2.4000000000000004,0.0,0.0,0.0,0.0,0.0,0.0,0.072,0.48880618628911443,0.5776901893890533,0.39151820728291314,0.23632501065731049,0.3201691806316376,0.4435058534145355,0.3032692074775696,0.38986116647720337,0.3068697452545166,0.30652111768722534,0.2528682143395702,0.2935157483383968,13.094477591036414,right,mid,43.28787878787879,43.0,29.612961296129612,30.545454545454547,28.424242424242422,48.06060606060608,51.515151515151516,45.87853830837629
japao,Japão,ritsu_doan_10,Ritsu Doan (10),Ritsu Doan,10,2,Meio,216.0,0.0,1.0,0.02,0.0,0.39,0.41,1.0,57.0,1.0,0.0,0.0,1.0,0.0,1.0,7.0,117.0,1.0,0.0,10.0,0.0,1.0,1.0,1.0,0.02,2.0,0.0,4.0,3.0,1.0,6.0,1.0,6.0,0.0,4.0,4.0,6.0,10.0,1.0,0.0,0.0,0.0,0.0,0.0,0.0,0.0,0.0,0.0,0.0,0.0,0.0,0.0,6.838055555555555,3,0.41000000000000003,0.375,0.09401709401709402,0.48717948717948717,0.02,0.0,0.41666666666666663,0.008333333333333333,0.0,0.1625,0.1708333333333333,0.41666666666666663,23.75,0.41666666666666663,0.0,48.75,0.41666666666666663,0.0,4.166666666666666,0.0,0.41666666666666663,0.41666666666666663,2.9166666666666665,0.8333333333333333,0.0,1.6666666666666665,0.41666666666666663,2.5,0.41666666666666663,2.5,0.0,1.6666666666666665,2.5,4.166666666666666,0.41666666666666663,0.0,0.0,0.0,0.0,0.0,0.17083333333333336,0.5243779742016614,0.7846377512644926,0.29879316448801746,0.088248277583194,0.12812431249767542,0.7836274264587296,0.24577119387686253,0.39748430707388455,0.3567444628311528,0.3633442309995492,0.2520395462905113,0.19198196593310132,14.620457419078743,right,mid,42.07575757575758,50.72727272727272,37.953795379537965,34.81818181818181,39.515151515151516,41.81818181818183,30.303030303030305,43.69698522793456
